nomSauce,idMenu
Esprit Sauce,5936576312
Obliger Sauce,1992958740
Sauce Blanche,5703618332
Mayonnaise,4997603339
Autant Sauce,1067517632
Esprit Sauce,4146388068
Autant Sauce,1697551575
Réel Sauce,5703618332
Aïoli,4997603339
Réel Sauce,5068187313
Obliger Sauce,1499413440
Mayonnaise,1499413440
Naturellement Sauce,5825632331
Sauce Blanche,7707866129
Naturellement Sauce,7707866129
Esprit Sauce,1992958740
Esprit Sauce,4997603339
Écouter Sauce,1992958740
Réel Sauce,5751806738
Obliger Sauce,9826646104
Aïoli,5314235011
Aïoli,1499413440
Réel Sauce,5936576312
Autant Sauce,4146388068
Sauce Blanche,4146388068
Espérer Sauce,143117744
Espérer Sauce,5223574146
Obliger Sauce,1067517632
Obliger Sauce,8527559536
Écouter Sauce,5223574146
Sauce Blanche,4997603339
Sauce Blanche,1992958740
Naturellement Sauce,1992958740
Obliger Sauce,1697551575
Autant Sauce,1992958740
Écouter Sauce,5576165460
Espérer Sauce,8527559536
Obliger Sauce,5825632331
Mayonnaise,7707866129
Espérer Sauce,5068187313
Réel Sauce,4997603339
Mayonnaise,5825632331
Esprit Sauce,5068187313
Écouter Sauce,5703618332
Esprit Sauce,1067517632
Écouter Sauce,1067517632
Sauce Blanche,5314235011
Aïoli,5825632331
Écouter Sauce,1697551575
Sauce Blanche,5576165460
