idMachine,nom,modele
7093869007,Tefal Raclette 316,Compact Raclette Personne
9402112051,Lagrange Raclette 975,Raclette Grill Livrer
7296987243,Lagrange Raclette 215,Pierre à Raclette Changer
1740992995,Moulinex Raclette 224,Gril et Raclette Fuir
5089228740,Severin Raclette 122,Raclette Grill Faux
3626668425,Klarstein Raclette 492,Raclette Grill Train
2145118063,Tefal Raclette 492,Gril et Raclette Reste
3525748362,Tefal Raclette 904,Gril et Raclette Demi
5284967528,Tefal Raclette 328,Compact Raclette Discussion
2852641704,Lagrange Raclette 871,Compact Raclette Enfoncer
8779973199,Moulinex Raclette 845,Raclette Duo Quelque
8385580566,Severin Raclette 302,Pierre à Raclette Livre
9316158242,Tefal Raclette 123,Compact Raclette Violent
5412903965,Klarstein Raclette 164,Gril et Raclette Veiller
2478241205,Tefal Raclette 579,Gril et Raclette Chute
7862767832,Lagrange Raclette 570,Gril et Raclette Cou
8656513260,Klarstein Raclette 350,Raclette Grill Entraîner
5067494039,Lagrange Raclette 224,Raclette Duo Ou
8648596386,Klarstein Raclette 946,Raclette Grill Grâce
2286267983,Tefal Raclette 961,Compact Raclette Garder
3599425631,Tefal Raclette 619,Raclette Duo Titre
9174214022,Tefal Raclette 542,Gril et Raclette Simple
3792905759,Klarstein Raclette 241,Gril et Raclette Près
1754761053,Severin Raclette 374,Pierre à Raclette Éviter
7204265563,Moulinex Raclette 311,Gril et Raclette Trente
9214251911,Tefal Raclette 103,Compact Raclette Mille
4619019518,Tefal Raclette 176,Gril et Raclette Ancien
5637276734,Severin Raclette 585,Pierre à Raclette Idée
2261600078,Klarstein Raclette 721,Raclette Duo Remettre
2147826499,Tefal Raclette 498,Pierre à Raclette Habiller
