idPlat,nom
7741840097,Froid de haute
3146814931,Tôt de vivant
3859270303,Admettre de tête
5360189686,Classe de quarante
8108805430,Sur de cheveu
5789405435,Manger de vue
8400559440,Condamner de cesse
9193320022,Alors de rendre
3644016111,Général de ramener
8165625129,Premier de joie
4857303537,Éloigner de poids
7834906143,Sembler de danser
7649795732,Fenêtre de durer
3464135256,Saisir de fer
7661915254,Échapper de fuir
6080122281,Miser de promettre
5796896259,Tapis de prouver
4903673137,Premier de frais
7764534831,Léger de connaître
2197875385,Père de ensemble
1083462803,Secret de attirer
4799869690,Condamner de santé
4618128366,Côte de depuis
1038743491,Ferme de étonner
6505112710,Bas de quinze
4065785092,Puissance de simple
1668009813,Ce de juste
7846259436,Épaule de verser
2018077063,Usage de cours
1733579277,Manier de bout
2513051733,Page de faute
8057609527,Sérieux de partager
5987148389,Raison de hésiter
1119696326,Voie de lumière
6899468837,Écouter de instant
9397758577,Aile de son
9799489308,Distance de cerveau
9676603735,Intéresser de sortir
9994976677,Fier de drame
1234462093,Chaise de herbe
8183225775,Connaissance de soulever
8322732394,Forcer de présenter
4385696112,Rejoindre de mari
4799794687,Vie de environ
6917749046,Sauter de endroit
3519947834,Médecin de effacer
4398541482,Dos de saint
3480239684,Intelligence de voyager
3485556538,Asseoir de former
2323924955,Source de habiter
2046483417,Considérer de phrase
1995235102,Porter de porte
6417594223,Morceau de rouler
7554316743,Hôtel de but
1146819714,Famille de membre
5962408522,Anglais de moyen
9535519519,Tache de pied
7841576169,Charger de deux
6742630739,Attacher de saison
3548052853,Travers de cabinet
4918855533,Épaule de parole
5110757322,Recueillir de faible
9986953762,Or de durer
4236363426,Trait de appartement
5989651783,Drôle de atteindre
2572799101,Supposer de marche
6055969166,Passé de prendre
5027351900,Triste de continuer
2438598449,Nombre de rejoindre
4814350155,Ramener de fine
1972817438,Prêt de habiller
7297936542,Vin de impression
6619241591,Dire de envoyer
7595306341,Voisin de droite
2862606210,Printemps de fortune
3773658567,Trop de auprès
5618860986,Sang de oreille
1633529622,Nécessaire de chasser
2160317889,Emmener de extraordinaire
5764702555,Expliquer de impossible
4394279237,Solitude de connaître
4928939414,Bois de perte
6491674055,Revenir de circonstance
7773615955,Papa de présenter
5977369836,Barbe de entretenir
2951947567,Léger de position
8128288521,Marcher de esprit
5660011343,Paupière de coûter
8763640282,Calme de queue
1175797587,Intérieur de son
2371200334,Depuis de entendre
1781608790,Paysage de tout
5693628988,Pointe de savoir
1834006314,Gros de creuser
3892727500,Vers de ressembler
7546078620,Penser de occasion
9027227699,Porte de fruit
8995836738,Année de dehors
1152691196,Faux de fixer
2356930686,As de chambre
