idRepas,intitule,idMenu
1730111678,Secours jeter tête terme défendre,9826646104
9481488753,Pluie traiter lourd,2489747354
7263759603,Question droit juge obéir,5703618332
8398988598,Livre vieil jeune soldat,5576165460
1189575492,Prochain déjà,1067517632
8249154777,Emporter maladie cela,5936576312
1182563319,Étoile lettre réel parce que,1697551575
1510576435,Si force grain obtenir,9826646104
9485348523,Envelopper respecter bord,1067517632
8089011446,Miser tout chose public,9826646104
3473904497,Rester créer façon,8527559536
9458426081,Interroger énergie or entourer,5703618332
7494527871,Mot clair,5223574146
6756762858,Mensonge palais,1499413440
4962294046,Mois ennemi défendre convenir voyager,1992958740
6486467492,Tout marier bien,1577549543
5289310499,Réfléchir demander poitrine,143117744
3005393867,Retour depuis deux,4997603339
2897885177,Fond argent tel flamme,5936576312
1552636347,Vêtement plonger comme,5751806738
7389581584,Rêver milieu confier retour,9826646104
1378229551,Lettre attaquer lisser ajouter apercevoir,143117744
8810708609,Acheter inviter réel sentier,4997603339
1661589630,Sein effet dame ordre,143117744
2895285531,Voisin chose fil,4146388068
6258285716,Taire recherche charger,1067517632
9388200961,Coin froid,1499413440
9296871511,Derrière victime prier,2489747354
2368606894,Yeux profond professeur million répéter,5314235011
3398897037,Perdu au montagne glisser,8527559536
2195443312,Chef part port,9826646104
5611858551,Alors changer promettre douze encore,7707866129
5026744951,Erreur poète discours françois,143117744
9816731658,Dégager posséder presque durant,5223574146
2307730250,Sur entre respecter,4997603339
2395881420,Écraser entier,143117744
2645305745,Supposer côte écrire parfois,5068187313
2578488479,Clef garde marquer lettre,5936576312
7802888662,Corps rocher,1992958740
7057124365,Oiseau seconde continuer,5314235011
8865546338,Recueillir préférer briller,5576165460
7992219992,Savoir mesure six,7707866129
1486061590,Propos famille,5314235011
1853829103,Façon élever,1577549543
3973728313,Recherche docteur,9826646104
1534832863,Moitié agent seul ce chaleur,9826646104
8020970533,Donc officier bureau saint,1697551575
2659218649,Trésor politique solitude histoire lire,9826646104
1281803745,Conseil étroit doux doigt autrement,143117744
9775284386,Chaleur porter pouvoir vide fatigue,1067517632
6078641484,Votre tomber parent léger,5068187313
3238507398,Fenêtre deviner pousser,2489747354
7610399927,Petit taire écrire,1067517632
1409383544,Petit grain ni coûter,5703618332
5280213416,Maître seuil petit disparaître service,5576165460
6852238187,Pitié remonter,4997603339
2491668340,Attirer faux un journal,4997603339
4908711034,Abri habitude tromper,5936576312
6339962904,Arrière lui immense jamais,9826646104
4202068271,Passion présent avenir sans,5068187313
7190638023,Par appeler empire français réponse,5314235011
8992068545,École paupière fermer plusieurs détruire,5068187313
9541483757,Agiter sauter devoir bouche visage,143117744
6274822489,Grand côte mur vue,1992958740
2383688471,Consentir fer derrière,5703618332
5213702416,Poitrine mémoire absence,5314235011
9438076100,Affirmer liberté ami fort grand,1499413440
2497038580,Attention abri affaire,5314235011
3173092786,Étude accuser ouvrage baisser préparer,1697551575
9492371465,Cependant sein arriver,4146388068
6039767575,Combat plein paquet enfermer,9826646104
2053671054,Marche cinq,1577549543
3029896198,Bas d'abord promettre terre,5068187313
6223081964,Établir françois chemise remonter,7707866129
7130767146,Travers vêtir devant fonder,5314235011
6145055196,Désespoir ouvrage pointe,143117744
1792834852,Gauche dernier lendemain,1697551575
4793140050,Jusque passé horizon demain gris,1697551575
3247559299,Métier papa encore,1499413440
2884983029,Patron complètement quel danser,8527559536
2826173895,Deviner d'abord huit accompagner,5936576312
5256871839,Oeil durant palais,1067517632
7444184806,Fait son connaissance scène,4997603339
6997039885,Donner encore éclat prévoir,5825632331
7652110898,Le feuille habiter est,9826646104
9036253359,Dire oh que difficile froid,9826646104
3769263128,Séparer que peur affaire,5576165460
2417383063,Que sombre pont as religion,4997603339
2975809098,Valoir chien ombre tu,5703618332
7015375564,Créer habitant,143117744
3180759815,Expliquer leur,5936576312
5061867847,Dernier ci six,2489747354
5666309654,Environ énergie,143117744
1673624259,Docteur cacher mon,1992958740
9533395560,Coin gros deviner accuser,1067517632
3872255251,Chaud habitude danser armer,5825632331
3777425119,Remarquer seigneur rouge peser,1992958740
5591856964,Trésor pourquoi toi,1577549543
6522548736,Terre tomber poser mille vivant,5936576312
8152324423,Chiffre brûler parcourir,5068187313
9244434900,Musique moyen vouloir,5576165460
8487821390,Chambre étonner,1577549543
2108338840,Nommer foule fois français assurer,1577549543
3182569704,Céder douleur difficile colon chant,5576165460
2782039360,Nuage accorder beauté respecter retenir,5576165460
7423679684,User blanc promettre permettre,2489747354
7505512341,Jeter rôle respecter poursuivre,5936576312
1932326754,Annoncer chance,8527559536
4076708488,Lisser se,7707866129
9226452068,Apparence toucher bientôt déchirer trop,1499413440
4031568901,Air rencontre terrain,5751806738
3176559923,Ombre rassurer près tout,2489747354
7267342449,Demain précieux sentir consulter,1697551575
7736347226,Goût mine réflexion,4997603339
1920222166,Séparer cabinet banc,1499413440
7266266076,Accepter désigner intérieur,4997603339
9584294661,Mode ramasser beaux agent,9826646104
5116884576,Habitant renoncer question,1992958740
2121997018,Maintenir terme à conclure mois,5825632331
3723076500,Cerveau encore amour sourire fixe,4146388068
1936316918,Renverser sommet confier,1697551575
1079519294,Jusque quelque quinze,9826646104
2582535917,Rang écarter argent violence,4146388068
2127982791,Part accorder façon,2489747354
9331175119,Ruine risquer brûler action,5223574146
4229550796,Prison aujourd'hui recherche,1499413440
8148827346,Fil point,4997603339
2467117348,Tendre envie capable ce,143117744
3390468257,Rappeler bois,2489747354
6891783418,Visage arrière particulier membre,1992958740
8177030563,Son empire toujours,5223574146
3310888204,Désert cause,4997603339
4805590261,Au arrière plan grâce,1499413440
8102096044,Neuf fin passé assurer entrer,9826646104
5719877351,Respect soumettre foi lieu,5703618332
3795733495,Camarade parcourir accompagner éclat vide,1577549543
2373044999,Quartier si mariage,5223574146
4583404796,Clair disparaître parcourir approcher,2489747354
5384610201,Souffrir mauvais,7707866129
7033884575,Branche combat absolu mine,8527559536
9946124751,Forêt simplement bande,1577549543
1564195561,Roche mari être,143117744
5215499743,Exprimer retirer amuser lit,5751806738
7855904851,Règle volonté exister diriger,1992958740
7558078163,Impossible suite lequel tard libre,4997603339
6887348307,Journée appartement visible,5751806738
8887217737,Froid heure,5576165460
1067563432,Habiller tout autrement,2489747354
7844909723,Petit titre renoncer,143117744
7889246495,Ombre pays rideau leur,4997603339
5646027845,Établir blond fusil où,4997603339
9562240268,Peau offrir,5068187313
8299141107,Réunir avenir,5314235011
8356700860,Respect presque prince,5825632331
8534230829,Âgé regretter inquiéter,5576165460
8201618583,Nul calmer quinze,5576165460
7667804790,Compagnon occuper,1992958740
1400929644,Interroger paraître six,5223574146
5620908988,Assez or figurer,5223574146
1717013066,Parcourir tendre,143117744
1590741639,Milieu journal parler,8527559536
8359085723,Cacher dominer dehors jour,7707866129
9939612970,Demeurer conversation violence,5751806738
2638384530,Ventre île nuage vite,1067517632
1247763124,Quelqu'Un retour retour,5703618332
4823654673,Répéter autant,5936576312
4462594545,Eaux sommet retirer,5576165460
6168859445,Guère puissant secret morceau,7707866129
2424751266,Terreur honte comme,1697551575
1915939527,Preuve avant joie,1992958740
5353449584,Suivre tenir palais pointe vue,8527559536
2700720507,Manquer quarante,1992958740
2109752261,Occasion recueillir comme grâce,4146388068
5918131569,Emporter étouffer herbe coucher idée,1067517632
5638284296,Devenir envoyer envelopper,5751806738
7657538937,Médecin parti ailleurs neuf,5825632331
3566120851,Passage confondre troubler partout content,5825632331
5643697151,Cinq tranquille connaître mourir,1499413440
5552699696,Environ vérité recueillir beaux,5825632331
6271621707,Boire cours caractère quatre ton,1577549543
4662634394,Rien énergie terme remarquer,4146388068
8927419432,Soutenir vieil embrasser,5751806738
5039442422,Prière traverser,5314235011
3606806005,Dix apprendre doute même,4997603339
7401860495,Eaux possible écraser,5068187313
5168465376,Partie amuser propre,5314235011
1436002599,Yeux réclamer reposer beau,1067517632
2630164426,Présent fixe crainte,5825632331
3409098809,Détacher céder,1577549543
5298902321,Obéir journal accompagner,143117744
6179561231,Couvrir allumer cheveu,8527559536
9007637046,Particulier curiosité bleu nouveau,5576165460
3329921421,Peur combat rappeler humide,2489747354
8211983103,Bientôt million ton,143117744
6706153341,Tout sortir flamme tard,1499413440
5278539026,Lutter voisin du oublier,5576165460
5330764083,Également découvrir éclat,1992958740
1453466485,An montrer par,4146388068
4400649560,Vif lèvre parole,7707866129
6452773657,Fonder voiture son cher,5751806738
