nomSauce,nomAliment
Réel Sauce,Courgette
Esprit Sauce,Ail
Naturellement Sauce,Cela
Naturellement Sauce,Acheter
Aïoli,Avocat
Écouter Sauce,Myrtille
Aïoli,Appel
Espérer Sauce,Troisième
Sauce Blanche,Jambon cru
Naturellement Sauce,Renverser
Réel Sauce,Rejoindre
Naturellement Sauce,Jambon cru
Écouter Sauce,Troisième
Espérer Sauce,Appel
Autant Sauce,Champignon
Esprit Sauce,Lequel
Sauce Blanche,L'une
Mayonnaise,Cher
Mayonnaise,Boire
Sauce Blanche,Poisson
Obliger Sauce,Ail
Naturellement Sauce,Mari
Obliger Sauce,Dent
Obliger Sauce,Renverser
Mayonnaise,Devoir
Aïoli,Boire
Naturellement Sauce,Cinquante
Réel Sauce,Mari
Naturellement Sauce,Campagne
Espérer Sauce,Boire
Obliger Sauce,Kiwi
Espérer Sauce,Jambon cru
Autant Sauce,Intéresser
Sauce Blanche,Cela
Naturellement Sauce,Hauteur
Autant Sauce,Hauteur
Esprit Sauce,Jambon cru
Écouter Sauce,Jambon cru
Écouter Sauce,Radis
Obliger Sauce,Mari
Naturellement Sauce,Masse
Esprit Sauce,Général
Naturellement Sauce,Donner
Naturellement Sauce,Lentilles
Obliger Sauce,Rayon
Obliger Sauce,Intéresser
Mayonnaise,Poste
Esprit Sauce,Mari
Mayonnaise,Cela
Obliger Sauce,Entourer
Esprit Sauce,Poisson
Espérer Sauce,Courgette
Esprit Sauce,Courgette
Réel Sauce,Champignon
Espérer Sauce,Intérêt
Obliger Sauce,Lentilles
Autant Sauce,Appel
Sauce Blanche,Poire
Réel Sauce,Sûr
Aïoli,Renverser
Sauce Blanche,Le
Réel Sauce,Comprendre
Écouter Sauce,Donner
Obliger Sauce,Aventure
Sauce Blanche,Masse
Esprit Sauce,Triste
Aïoli,Mari
Autant Sauce,Boire
Écouter Sauce,Aventure
Aïoli,Rayon
Esprit Sauce,Occuper
Mayonnaise,Entourer
Esprit Sauce,Fromage à raclette
Écouter Sauce,Fromage à raclette
Naturellement Sauce,Myrtille
Écouter Sauce,Mari
Espérer Sauce,Cinquante
Esprit Sauce,Campagne
Écouter Sauce,Campagne
Obliger Sauce,Betterave
Réel Sauce,Avocat
Autant Sauce,Lequel
Mayonnaise,Renverser
Esprit Sauce,Affirmer
Mayonnaise,Triste
Écouter Sauce,Masse
Aïoli,Champignon
Sauce Blanche,Cher
Mayonnaise,Poire
Aïoli,Betterave
Réel Sauce,Boire
Aïoli,Combat
Naturellement Sauce,Lutter
Réel Sauce,Devoir
Autant Sauce,L'une
Obliger Sauce,Cher
Naturellement Sauce,Poisson
Autant Sauce,Poisson
Sauce Blanche,Sûr
Écouter Sauce,Certain
