idGroupe,nomClub
3030842343,Remplir Club
4131911466,Préférer Club
3392728242,Presser Club
9596329928,Combat Club
5877273185,Impossible Club
7382270602,Terrible Club
2447515723,Se Club
8876413213,Jeune Club
3794479229,Pendant Club
9483825704,Justice Club
2829168963,Parler Club
3706917257,Tomber Club
7935233743,Non Club
3487627735,Acte Club
6774919538,Machine Club
8054020172,Spectacle Club
9072452886,Silence Club
6793816076,Heureux Club
8654757824,Centre Club
1214418842,Barbe Club
6723047732,Tirer Club
1231672681,Sortir Club
2945965350,Lentement Club
2587949349,Pénétrer Club
7738358497,Voisin Club
8030289257,Juste Club
8659756853,Espèce Club
8970764836,Réflexion Club
2740300555,Liberté Club
7919556033,Voile Club
3538927591,Visible Club
8358901571,Dernier Club
4526121248,Échapper Club
2548185245,Recherche Club
4946804105,Contenir Club
2369643785,Regarder Club
8894037471,Rouge Club
6050453215,Convenir Club
4551123954,Considérer Club
2557438769,Banc Club
4215140589,Mourir Club
7999060766,Neuf Club
8283391142,Fait Club
4261260447,Colère Club
4437557565,Haine Club
1177570259,Créer Club
3431295653,Quatre Club
5622045506,Sou Club
7967163462,Traiter Club
8965668535,Apparaître Club
3038314745,Accrocher Club
5366105887,Gagner Club
7459875960,Partie Club
7713134262,Travail Club
2954742847,Inutile Club
2020403668,Faire Club
3322968243,Haine Club
3462875358,Animal Club
7970714119,Puis Club
9049066537,Objet Club
5480431818,Façon Club
1083144912,Fait Club
9252043601,Jouer Club
3498683433,Fidèle Club
5735019659,Fatigue Club
1291576549,Représenter Club
6356963178,D'abord Club
8236279818,Mari Club
8968339833,Assez Club
